contig,pos,ref,alt,gt
chr9,23953636,T,C,0
chr9,23957621,G,A,0
chr9,23972008,G,A,0
chr9,23972119,G,A,0
chr9,23975356,C,T,1
chr9,23977599,T,G,0
chr9,23983819,T,G,1
chr9,23986425,G,A,0
chr9,24034182,A,G,0
chr9,24042006,G,A,0
chr9,24043486,G,T,0
chr9,24060263,C,T,1
chr9,24060457,A,G,0
chr9,24062745,G,A,0
chr9,24063406,C,A,0
chr9,24066561,A,G,0
chr9,24075370,C,T,0
chr9,24091820,C,T,0
chr9,24098695,T,C,0
chr9,24098939,A,G,0
chr9,24105510,G,A,0
chr9,24111282,C,A,0
chr9,24113160,A,G,1
chr9,24114195,C,T,0
chr9,24125020,T,C,0
chr9,24131891,C,A,0
chr9,24155584,T,C,0
chr9,24157442,G,A,1
chr9,24164334,A,G,1
chr9,24190707,A,G,0
chr9,24192258,A,G,1
chr9,24205905,C,T,0
chr9,24206568,A,G,0
chr9,24211521,G,A,0
chr9,24233395,C,T,1
chr9,24233748,C,T,1
chr9,24253908,T,C,0
chr9,24262093,C,T,1
chr9,24273884,G,A,1
chr9,24283951,G,A,0
chr9,24292585,G,A,1
chr9,24298510,A,C,1
chr9,24306016,A,C,0
chr9,24315913,A,G,0
chr9,24324508,T,C,1
chr9,24331309,A,C,1
chr9,24333015,C,T,0
chr9,24351703,C,T,0
chr9,24351842,G,T,0
chr9,24366901,T,C,0
chr9,24423136,T,C,0
chr9,24428105,A,G,0
chr9,24433593,C,T,0
chr9,24457478,G,A,0
chr9,24461544,G,A,0
chr9,24479052,T,C,1
chr9,24488927,T,C,0
chr9,24494304,T,C,0
chr9,24507963,A,G,0
chr9,24512880,C,T,0
chr9,24518797,A,G,0
chr9,24544895,T,C,0
chr9,24545515,G,A,1
chr9,24547234,G,A,0
chr9,24564200,A,G,0
chr9,24568127,T,C,0
chr9,24572492,G,A,1
chr9,24573719,A,G,1
chr9,24595313,C,T,1
chr9,24612859,A,G,0
chr9,24616034,T,C,1
chr9,24648714,C,T,0
chr9,24649032,A,G,0
chr9,24651948,G,A,1
chr9,24670984,C,T,0
chr9,24671259,C,A,0
chr9,24675660,T,C,0
chr9,24697908,C,T,0
chr9,24700281,T,C,0
chr9,24712717,A,G,0
chr9,24719951,T,G,0
chr9,24723407,G,A,0
chr9,24730343,G,A,0
chr9,24733228,A,G,1
chr9,24742891,T,C,0
chr9,24742990,G,A,0
chr9,24747898,G,A,1
chr9,24756029,G,T,1
chr9,24757757,G,A,1
chr9,24758612,C,A,0
chr9,24767137,C,A,0
chr9,24770617,A,G,1
chr9,24770752,A,G,0
chr9,24771764,A,G,1
chr9,24782319,A,G,0
chr9,24788181,G,A,0
chr9,24799886,C,A,0
chr9,24819202,T,C,0
chr9,24822217,A,G,0
chr9,24823392,A,G,0
chr9,24825043,A,C,0
chr9,24834359,T,C,0
chr9,24837369,A,C,0
chr9,24844351,T,C,0
chr9,24845492,C,T,1
chr9,24862694,G,A,0
chr9,24877766,G,T,1
chr9,24878925,G,A,0
chr9,24883181,C,A,0
chr9,24884971,G,A,1
chr9,24886968,T,G,0
chr9,24895223,T,C,0
chr9,24902468,A,G,1
chr9,24903416,A,G,0
chr9,24903547,A,G,0
chr9,24912755,C,T,0
chr9,24920846,C,T,0
chr9,24920902,A,G,0
chr9,24925472,A,G,1
chr9,24933724,A,G,0
chr9,24941202,G,A,0
chr9,24945014,A,G,0
chr9,24946245,G,A,0
chr9,24959254,C,T,1
chr9,24961154,G,A,1
chr9,24977203,A,G,0
chr9,24979798,A,G,1
chr9,24985662,G,A,1
chr9,24993978,T,C,0
chr9,25010424,A,C,0
chr9,25029044,A,G,0
chr9,25029340,G,A,0
chr9,25031248,A,G,0
chr9,25036155,T,C,0
chr9,25037699,A,C,0
chr9,25046188,G,A,0
chr9,25047285,G,A,0
chr9,25049920,C,T,0
chr9,25052561,A,G,0
chr9,25055798,T,G,0
chr9,25067815,A,G,0
chr9,25068478,T,C,0
chr9,25077037,A,C,0
chr9,25077130,G,A,0
chr9,25121574,T,G,0
chr9,25122216,A,G,0
chr9,25125415,A,G,0
chr9,25143296,C,T,0
chr9,25157680,C,T,0
chr9,25176253,G,A,0
chr9,25177720,A,G,0
chr9,25178086,C,T,0
chr9,25188508,A,G,1
chr9,25209392,T,G,0
chr9,25220931,T,C,0
chr9,25227235,T,C,0
chr9,25227318,C,T,0
chr9,25241084,T,G,1
chr9,25241318,A,C,1
chr9,25246219,G,A,1
chr9,25254522,G,A,0
chr9,25274476,A,G,0
chr9,25275625,T,C,0
chr9,25278433,A,G,0
chr9,25287182,A,C,0
chr9,25292107,G,A,0
chr9,25297209,A,G,0
chr9,25306553,A,G,0
chr9,25311726,T,C,0
chr9,25325897,G,A,1
chr9,25346374,T,C,0
chr9,25353889,G,A,1
chr9,25368390,G,T,0
chr9,25397662,T,C,0
chr9,25410087,A,G,0
chr9,25423807,T,G,0
chr9,25427207,A,G,0
chr9,25442540,T,C,0
chr9,25449124,T,C,0
chr9,25452814,G,A,0
chr9,25457132,A,G,0
chr9,25458351,A,G,1
chr9,25471468,G,A,0
chr9,25489107,G,A,0
chr9,25496363,C,T,0
chr9,25517235,T,G,0
chr9,25522089,T,C,1
chr9,25527623,T,C,0
chr9,25545692,C,T,0
chr9,25555388,C,A,0
chr9,25557617,A,G,0
chr9,25558519,G,A,0
chr9,25565108,C,T,0
chr9,25565620,A,G,0
chr9,25567132,G,A,0
chr9,25570150,T,C,1
chr9,25576242,C,A,1
chr9,25596264,T,C,0
chr9,25603961,T,C,0
chr9,25606109,A,C,0
chr9,25612706,T,G,0
chr9,25614130,T,C,0
chr9,25615402,T,C,0
chr9,25616028,C,T,1
chr9,25627887,A,G,0
chr9,25629552,G,A,0
chr9,25631017,G,A,0
chr9,25633178,C,T,1
chr9,25640500,A,G,0
chr9,25649147,T,C,0
chr9,25658017,C,T,1
chr9,25659639,A,G,1
chr9,25664918,C,T,0
chr9,25676581,C,T,0
chr9,25677217,T,C,0
chr9,25678889,G,A,0
chr9,25684386,T,G,0
chr9,25689276,C,T,0
chr9,25691034,T,C,0
chr9,25694415,A,C,0
chr9,25701055,A,C,0
chr9,25705692,T,C,1
chr9,25713818,T,C,0
chr9,25717388,A,G,1
chr9,25719021,G,A,0
chr9,25719072,T,C,1
chr9,25724326,T,C,1
chr9,25725270,C,T,0
chr9,25737403,C,T,0
chr9,25737870,G,A,1
chr9,25742641,T,C,0
chr9,25748801,G,A,1
chr9,25750663,C,T,1
chr9,25751463,C,T,0
chr9,25754452,T,C,0
chr9,25772174,A,G,0
chr9,25792488,A,C,0
chr9,25816221,G,A,0
chr9,25819091,A,G,0
chr9,25821209,G,A,0
chr9,25845173,T,C,1
chr9,25847432,T,C,0
chr9,25876308,T,C,0
chr9,25890599,A,G,1
chr9,25892426,T,C,0
chr9,25897337,C,T,0
chr9,25902564,T,C,0
chr9,25912841,A,G,0
chr9,25916413,G,A,0
chr9,25917670,T,C,0
chr9,25934934,A,G,0
chr9,25941943,T,C,0
chr9,25950507,A,G,0
chr9,25956933,T,C,0
chr9,25973294,A,C,0
chr9,25979516,A,G,1
chr9,25996681,G,A,1
chr9,26024190,A,G,0
chr9,26027358,G,A,0
chr9,26034792,T,C,0
chr9,26058262,G,A,1
chr9,26059030,A,C,1
chr9,26078766,C,T,1
chr9,26100959,G,A,0
chr9,26121105,A,C,0
chr9,26149008,T,C,0
chr9,26151164,C,T,0
chr9,26179067,C,T,0
chr9,26189294,C,T,0
chr9,26192590,A,G,0
chr9,26195521,T,C,0
chr9,26201460,T,G,0
chr9,26209070,G,A,0
chr9,26210351,C,T,1
chr9,26210448,G,T,1
chr9,26222210,G,A,0
chr9,26243486,G,A,0
chr9,26256017,C,T,1
chr9,26273889,G,A,0
chr9,26294089,T,C,0
chr9,26297314,T,C,1
chr9,26297695,C,T,1
chr9,26305948,C,T,0
chr9,26306971,T,C,0
chr9,26307233,G,T,0
chr9,26313816,A,G,0
chr9,26324015,T,C,1
chr9,26327598,G,T,1
chr9,26327894,T,C,0
chr9,26339649,C,T,0
chr9,26340053,T,C,0
chr9,26355995,T,C,0
chr9,26359487,C,T,1
chr9,26371682,G,A,1
chr9,26380638,A,G,0
chr9,26387556,G,A,0
chr9,26410033,C,T,1
chr9,26421563,G,T,0
chr9,26426307,G,A,0
chr9,26433753,C,A,1
chr9,26435193,G,T,0
chr9,26443740,A,G,1
chr9,26453810,G,A,0
chr9,26454112,G,A,0
chr9,26455315,A,C,0
chr9,26457172,T,C,0
chr9,26460926,A,G,0
chr9,26463912,T,C,0
chr9,26464275,C,T,0
chr9,26469059,C,A,0
chr9,26489227,C,T,1
chr9,26507213,C,T,1
chr9,26512395,C,T,0
chr9,26515812,G,A,0
chr9,26521278,G,A,1
chr9,26521967,T,C,0
chr9,26538807,A,C,1
chr9,26551728,A,C,1
chr9,26555765,C,A,1
chr9,26560806,C,A,0
chr9,26571898,A,G,0
chr9,26576119,C,T,0
chr9,26577686,G,A,0
chr9,26603898,A,G,0
chr9,26607747,G,A,0
chr9,26615779,T,C,0
chr9,26625054,C,T,0
chr9,26629384,A,G,1
chr9,26637875,C,T,0
chr9,26647755,C,T,0
chr9,26650019,A,G,1
chr9,26654000,G,T,1
chr9,26655687,A,G,1
chr9,26657169,A,G,0
chr9,26659564,C,T,1
chr9,26668100,C,A,0
chr9,26674988,A,G,1
chr9,26684903,T,G,1
chr9,26694890,A,G,0
chr9,26699113,A,G,0
chr9,26714616,T,C,0
chr9,26736053,A,G,0
chr9,26736164,G,A,0
chr9,26739993,G,A,0
chr9,26750144,C,T,1
chr9,26750723,C,T,0
chr9,26750966,T,C,1
chr9,26760479,A,G,1
chr9,26767304,A,G,0
chr9,26767512,A,G,1
chr9,26770032,C,T,0
chr9,26779338,T,C,0
chr9,26788019,G,T,0
chr9,26788500,C,T,0
chr9,26797816,A,C,0
chr9,26798495,G,A,0
chr9,26804804,T,C,0
chr9,26838495,T,C,1
chr9,26839221,C,A,0
chr9,26839503,A,G,0
chr9,26842444,C,T,0
chr9,26862961,G,A,0
chr9,26891904,T,G,0
chr9,26893664,G,A,1
chr9,26911027,T,C,0
chr9,26921625,A,G,0
chr9,26942449,C,A,0
chr9,26954029,A,G,0
chr9,26978172,A,G,0
chr9,26978261,A,G,0
chr9,26995789,G,A,0
chr9,27004198,A,C,0
chr9,27009102,T,C,0
chr9,27038950,T,G,0
chr9,27046643,A,G,0
chr9,27047462,T,C,0
chr9,27062723,C,T,0
chr9,27079174,A,G,0
chr9,27084464,G,A,0
chr9,27098942,A,G,1
chr9,27108977,C,T,1
chr9,27118169,A,G,0
chr9,27118809,A,G,1
chr9,27120371,G,T,1
chr9,27120632,G,A,0
chr9,27121908,T,C,1
chr9,27126417,G,T,1
chr9,27132516,T,C,0
chr9,27134638,A,G,0
chr9,27134795,A,G,0
chr9,27135833,C,T,0
chr9,27135964,C,T,0
chr9,27138900,C,T,0
chr9,27149671,T,C,0
chr9,27152294,C,T,0
chr9,27152310,T,C,0
chr9,27154619,A,G,0
chr9,27155033,T,C,0
chr9,27162354,T,C,0
chr9,27164222,A,G,0
chr9,27166161,T,C,0
chr9,27168427,A,G,0
chr9,27170936,C,T,0
chr9,27171375,T,G,0
chr9,27179077,A,G,0
chr9,27179532,A,G,0
chr9,27184521,A,G,0
chr9,27185764,T,G,0
chr9,27190892,C,T,0
chr9,27191570,G,A,0
chr9,27195055,C,T,0
chr9,27197488,G,T,0
chr9,27201832,A,G,0
chr9,27203004,G,A,0
chr9,27206964,A,G,0
chr9,27209471,A,C,0
chr9,27213774,C,T,0
chr9,27214532,T,C,0
chr9,27214889,T,C,1
chr9,27228024,A,G,1
chr9,27228060,T,G,0
chr9,27228756,C,T,1
chr9,27232750,C,T,0
chr9,27233159,C,T,1
chr9,27263517,T,C,1
chr9,27276708,C,T,0
chr9,27284365,C,T,0
chr9,27284787,G,T,0
chr9,27292476,T,C,0
chr9,27303053,C,A,0
chr9,27326782,G,T,1
chr9,27329624,T,C,1
chr9,27332332,G,A,1
chr9,27334291,G,A,0
chr9,27336984,C,T,0
chr9,27337058,C,A,0
chr9,27345836,G,A,0
chr9,27346306,T,C,0
chr9,27349254,G,A,0
chr9,27370947,C,T,0
chr9,27371970,T,C,1
chr9,27372926,C,T,1
chr9,27376144,A,G,0
chr9,27391924,A,G,0
chr9,27398442,C,T,0
chr9,27400254,T,C,0
chr9,27402963,A,G,1
chr9,27412771,G,A,0
chr9,27424500,A,G,0
chr9,27430234,C,T,0
chr9,27433865,G,A,0
chr9,27443804,A,G,1
chr9,27451484,C,T,0
chr9,27453329,C,T,0
chr9,27455825,C,T,0
chr9,27456930,G,A,0
chr9,27463312,G,A,0
chr9,27467672,G,A,1
chr9,27468264,A,G,0
chr9,27474216,T,C,0
chr9,27477876,C,T,1
chr9,27478711,T,C,1
chr9,27484498,A,G,0
chr9,27502988,C,A,0
chr9,27508689,T,C,1
chr9,27510494,C,T,1
chr9,27513838,C,T,0
chr9,27546892,G,A,0
chr9,27553878,T,C,0
chr9,27556782,G,A,0
chr9,27557532,T,C,0
chr9,27587790,T,C,0
chr9,27602324,C,T,1
chr9,27605244,G,T,0
chr9,27610659,A,G,1
chr9,27621565,G,A,0
chr9,27623560,G,A,1
chr9,27627364,G,A,1
chr9,27630052,G,A,1
chr9,27630420,A,G,1
chr9,27630687,G,T,0
chr9,27635482,G,A,0
chr9,27644079,C,T,0
chr9,27652542,C,T,0
chr9,27664164,C,T,1
chr9,27673100,A,G,0
chr9,27674226,G,T,0
chr9,27688490,A,C,0
chr9,27707668,A,G,0
chr9,27723893,T,C,0
chr9,27724118,G,A,0
chr9,27724228,A,G,0
chr9,27724344,T,C,1
chr9,27746787,A,G,1
chr9,27750377,A,G,1
chr9,27753229,G,A,0
chr9,27755944,C,T,0
chr9,27771882,A,G,1
chr9,27787891,G,T,0
chr9,27791181,C,T,0
chr9,27804979,A,G,0
chr9,27819542,C,T,0
chr9,27824834,T,C,1
chr9,27843276,G,A,0
chr9,27860392,C,T,0
chr9,27863832,G,A,0
chr9,27872234,A,G,1
chr9,27912334,G,A,1
chr9,27922739,T,G,1
chr9,27926614,G,A,0
chr9,27929358,A,C,0
chr9,27945760,G,A,0
chr9,27946529,T,G,1
chr9,27950865,G,T,0
chr9,27973768,A,C,1
chr9,27985940,C,T,1
chr9,27992292,A,G,0
chr9,27996744,G,A,0
chr9,27998075,G,A,0
chr9,28001291,T,C,0
chr9,28001946,A,G,0
chr9,28005434,T,C,0
chr9,28005475,C,T,0
chr9,28011385,T,C,0
chr9,28013476,T,C,0
chr9,28021433,T,G,0
chr9,28023566,G,A,0
chr9,28024649,C,A,1
chr9,28024656,G,A,0
chr9,28025245,G,A,0
chr9,28035211,C,T,1
chr9,28035598,T,C,0
chr9,28035950,G,A,0
chr9,28037613,C,A,1
chr9,28044741,G,A,0
chr9,28058392,G,A,1
chr9,28062290,T,C,0
chr9,28064692,C,A,0
chr9,28070285,T,G,1
chr9,28077142,G,T,0
chr9,28082937,C,T,0
chr9,28083674,T,C,0
chr9,28086346,A,G,0
chr9,28086685,T,C,0
chr9,28088402,A,G,0
chr9,28111875,T,C,1
chr9,28120386,A,C,0
chr9,28123404,T,G,0
chr9,28129856,A,G,0
chr9,28141925,T,G,1
chr9,28152420,G,A,0
chr9,28152660,C,A,0
chr9,28164683,A,G,0
chr9,28169738,T,C,0
chr9,28172114,C,T,0
chr9,28176101,A,G,1
chr9,28186093,C,T,1
chr9,28188446,G,A,1
chr9,28202677,C,T,0
chr9,28208073,C,T,1
chr9,28211489,C,T,0
chr9,28218514,T,C,1
chr9,28222907,C,A,0
chr9,28226221,G,A,1
chr9,28236668,G,T,0
chr9,28237294,A,G,0
chr9,28237415,T,C,0
chr9,28237930,G,A,0
chr9,28249693,C,T,0
chr9,28251720,C,A,1
chr9,28251997,C,A,0
chr9,28254140,A,C,0
chr9,28254572,C,A,0
chr9,28256247,T,C,1
chr9,28268304,A,G,0
chr9,28287778,G,A,0
chr9,28290338,C,T,0
chr9,28314457,T,C,0
chr9,28317638,G,A,0
chr9,28320687,G,A,0
chr9,28321637,T,G,1
chr9,28322261,A,C,0
chr9,28328726,T,C,0
chr9,28329026,C,A,0
chr9,28337699,C,T,1
chr9,28341112,T,G,0
chr9,28356979,G,A,1
chr9,28358825,G,T,0
chr9,28359044,G,A,0
chr9,28364812,T,C,1
chr9,28373520,A,C,0
chr9,28377354,A,G,0
chr9,28381683,A,G,0
chr9,28382828,C,A,0
chr9,28395753,A,G,1
chr9,28398638,G,T,0
chr9,28402045,A,G,0
chr9,28403594,T,C,0
chr9,28414341,A,G,0
chr9,28417574,C,A,1
chr9,28439424,T,C,1
chr9,28442345,T,C,0
chr9,28446610,C,T,0
chr9,28458825,C,T,1
chr9,28460342,A,G,1
chr9,28465586,C,T,0
chr9,28470553,T,C,1
chr9,28485090,T,C,0
chr9,28499878,A,G,0
chr9,28500106,C,T,0
chr9,28504238,A,G,1
chr9,28513714,C,A,0
chr9,28517172,T,C,0
chr9,28529412,C,T,0
chr9,28539583,T,C,0
chr9,28545109,T,G,0
chr9,28549312,A,G,0
chr9,28564300,C,T,0
chr9,28568015,T,C,1
chr9,28570097,T,C,0
chr9,28578200,A,G,0
chr9,28578950,C,A,0
chr9,28587834,C,A,0
chr9,28595173,A,G,0
chr9,28607636,G,A,0
chr9,28615815,T,G,0
chr9,28619452,C,T,1
chr9,28628502,T,C,0
chr9,28645628,G,A,1
chr9,28649687,G,A,1
chr9,28660724,T,C,0
chr9,28701335,G,A,0
chr9,28705609,T,C,0
chr9,28707075,C,A,0
chr9,28708153,A,C,1
chr9,28710400,G,A,0
chr9,28714671,C,T,0
chr9,28741869,T,G,0
chr9,28747160,G,A,0
chr9,28749173,A,G,0
chr9,28754139,A,G,0
chr9,28755359,C,T,1
chr9,28759815,G,A,0
chr9,28762619,A,C,1
chr9,28771539,T,C,0
chr9,28771968,G,A,0
chr9,28772702,A,T,1
chr9,28772817,A,C,0
chr9,28773001,T,C,1
chr9,28779378,C,A,1
chr9,28781233,C,T,1
chr9,28783525,C,T,0
chr9,28784345,A,C,0
chr9,28795702,G,A,0
chr9,28797523,C,T,0
chr9,28812867,A,G,1
chr9,28817316,C,A,0
chr9,28817768,T,C,0
chr9,28817959,T,C,1
chr9,28827593,C,T,0
chr9,28837912,T,C,0
chr9,28839440,A,G,1
chr9,28879502,C,T,1
chr9,28882343,G,T,0
chr9,28895044,A,G,1
chr9,28912688,C,A,1
chr9,28934193,C,T,0
chr9,28942540,C,T,0
chr9,28959081,G,A,0
chr9,28982674,C,A,1
chr9,29006902,C,T,0
chr9,29015147,G,A,1
chr9,29015935,T,C,1
chr9,29024735,C,T,0
chr9,29024896,A,G,1
chr9,29032250,C,T,0
chr9,29034432,G,A,0
chr9,29038470,C,T,0
chr9,29088462,C,T,0
chr9,29131741,G,A,0
chr9,29163285,T,C,0
chr9,29166392,G,T,1
chr9,29184755,T,C,0
chr9,29192127,T,C,1
chr9,29198982,A,G,1
chr9,29215532,G,A,0
chr9,29218831,A,G,0
chr9,29218909,G,T,0
chr9,29233376,A,G,1
chr9,29236500,C,T,1
chr9,29241879,A,G,0
chr9,29244769,T,C,0
chr9,29261937,A,G,0
chr9,29263177,G,T,0
chr9,29269464,C,A,1
chr9,29282194,C,T,1
chr9,29292967,C,T,0
chr9,29296755,T,C,1
chr9,29296814,T,C,0
chr9,29298755,G,T,0
chr9,29298934,G,A,0
chr9,29302703,G,A,0
chr9,29308042,C,T,1
chr9,29315620,T,C,0
chr9,29318697,A,G,0
chr9,29335833,A,G,1
chr9,29349858,G,A,0
chr9,29363267,G,A,1
chr9,29363584,A,G,0
chr9,29364329,G,T,0
chr9,29366399,T,C,0
chr9,29371047,C,T,0
chr9,29374908,T,C,1
chr9,29395697,G,A,1
chr9,29398401,T,C,1
chr9,29408137,G,T,0
chr9,29426337,A,G,0
chr9,29435032,C,T,0
chr9,29435962,C,T,0
chr9,29435971,T,C,1
chr9,29440564,T,C,1
chr9,29441974,G,T,0
chr9,29443482,T,C,0
chr9,29443747,T,C,0
chr9,29447141,T,G,1
chr9,29457132,G,A,0
chr9,29483653,G,A,1
chr9,29486707,C,A,0
chr9,29490216,G,A,0
chr9,29499030,T,C,1
chr9,29508545,T,C,0
chr9,29512614,A,C,0
chr9,29520546,A,G,1
chr9,29533640,C,A,0
chr9,29542201,C,T,0
chr9,29544134,G,T,0
chr9,29545877,C,T,0
chr9,29556767,C,A,1
chr9,29563869,C,T,0
chr9,29568688,T,C,0
chr9,29568838,A,G,1
chr9,29569039,G,A,0
chr9,29569087,C,T,1
chr9,29578261,G,A,1
chr9,29591049,G,A,0
chr9,29595352,A,G,1
chr9,29597431,G,A,0
chr9,29599175,T,C,0
chr9,29601704,C,T,0
chr9,29614437,A,G,0
chr9,29632144,A,G,1
chr9,29640244,A,C,1
chr9,29647034,T,C,0
chr9,29663091,G,A,1
chr9,29664384,T,C,1
chr9,29666100,C,A,1
chr9,29679291,C,A,0
chr9,29680498,G,A,0
chr9,29684836,T,C,0
chr9,29691096,T,C,0
chr9,29696822,G,A,0
chr9,29712028,T,C,1
chr9,29718936,T,G,0
chr9,29720121,C,T,0
chr9,29729923,A,G,1
chr9,29736014,G,A,0
chr9,29739207,A,G,0
chr9,29753395,G,A,0
chr9,29755038,G,A,0
chr9,29758372,T,C,0
chr9,29768210,G,T,0
chr9,29769455,G,A,0
chr9,29779629,G,A,1
chr9,29783879,T,G,0
chr9,29783991,T,C,0
chr9,29791865,A,C,1
chr9,29808095,C,T,0
chr9,29815484,G,T,1
chr9,29816361,C,T,0
chr9,29823069,C,T,0
chr9,29831402,A,G,1
chr9,29894843,T,G,0
chr9,29903905,A,G,0
chr9,29907362,C,T,0
chr9,29938937,T,C,0
chr9,29939558,T,C,0
chr9,29944432,G,A,0
chr9,29958597,G,A,0
chr9,29973289,T,C,0
chr9,29985895,T,C,0
chr9,29989599,A,G,0
chr9,30022862,A,G,1
chr9,30040013,A,G,0
chr9,30043592,G,A,1
chr9,30057014,G,A,0
chr9,30068011,T,G,0
chr9,30093041,G,A,1
chr9,30106231,A,G,1
chr9,30115411,G,A,0
chr9,30134411,C,T,0
chr9,30143232,C,T,0
chr9,30154927,A,G,0
chr9,30172171,T,C,0
chr9,30181775,T,C,0
chr9,30196535,T,C,0
chr9,30219496,T,C,0
chr9,30226882,G,T,1
chr9,30234393,T,C,0
chr9,30246168,C,A,0
chr9,30248891,C,T,0
chr9,30260158,C,T,0
chr9,30290637,C,T,1
chr9,30303564,C,A,1
chr9,30306652,A,C,0
chr9,30337558,G,T,0
chr9,30347685,C,T,0
chr9,30348299,T,G,0
chr9,30348519,T,C,0
chr9,30351302,A,G,0
chr9,30365701,A,G,0
chr9,30371618,G,A,0
chr9,30378903,G,A,0
chr9,30402214,C,A,0
chr9,30403954,G,A,1
chr9,30404189,C,T,0
chr9,30413577,G,A,0
chr9,30417693,G,A,0
chr9,30435314,G,A,1
chr9,30438385,T,C,0
chr9,30453509,A,G,0
chr9,30521754,A,C,1
chr9,30553529,T,C,0
chr9,30554451,T,C,0
chr9,30567016,C,A,0
chr9,30619072,T,C,1
chr9,30630379,G,A,0
chr9,30677485,A,C,0
chr9,30679706,C,T,0
chr9,30685906,G,A,0
chr9,30706230,A,C,0
chr9,30709918,T,C,0
chr9,30718187,T,G,0
chr9,30719760,G,A,0
chr9,30722538,C,T,0
chr9,30726747,A,G,0
chr9,30729019,T,G,0
chr9,30743424,G,A,0
chr9,30797627,G,A,0
chr9,30804874,A,G,1
chr9,30808741,A,G,0
chr9,30815921,C,T,0
chr9,30817751,C,T,0
chr9,30826001,A,G,0
chr9,30840473,T,C,1
chr9,30860922,G,T,0
chr9,30879677,A,G,0
chr9,30883858,T,C,1
chr9,30913365,C,A,0
chr9,30918605,A,C,0
chr9,30918766,G,A,0
chr9,30923795,C,A,0
chr9,30955395,C,A,0
chr9,30976632,C,T,0
chr9,30981134,T,C,0
chr9,30987011,A,G,1
chr9,30988322,C,T,1
chr9,30997205,C,T,0
chr9,31021221,T,C,0
chr9,31027393,C,T,0
chr9,31027882,A,G,0
chr9,31029869,G,A,0
chr9,31038401,G,A,1
chr9,31050749,T,G,0
chr9,31055722,T,C,0
chr9,31068470,G,A,0
chr9,31088963,G,A,0
chr9,31089852,T,C,1
chr9,31101280,A,G,1
chr9,31102876,A,C,0
chr9,31106292,A,G,0
chr9,31116345,A,G,1
chr9,31116476,T,C,0
chr9,31117922,G,A,0
chr9,31120231,G,A,0
chr9,31121427,T,G,1
chr9,31140336,T,G,0
chr9,31146395,T,C,1
chr9,31151601,C,T,0
chr9,31153868,A,G,0
chr9,31175078,T,C,0
chr9,31177369,A,G,0
chr9,31177959,A,G,0
chr9,31180273,G,T,1
chr9,31182386,C,T,0
chr9,31192599,G,A,0
chr9,31205536,T,C,0
chr9,31232680,T,C,0
chr9,31241480,T,C,0
chr9,31248503,G,A,0
chr9,31253293,G,A,0
chr9,31266517,A,C,0
chr9,31291140,C,A,1
chr9,31307970,G,T,0
chr9,31323629,C,A,0
chr9,31325094,T,C,1
chr9,31340538,C,T,0
chr9,31347462,T,C,1
chr9,31359239,C,T,1
chr9,31372122,C,T,1
chr9,31372585,A,C,1
chr9,31381023,A,G,0
chr9,31381621,G,A,0
chr9,31394027,A,G,1
chr9,31394145,T,C,1
chr9,31405732,G,A,1
chr9,31408127,T,C,0
chr9,31471681,A,C,0
chr9,31472635,C,T,0
chr9,31493269,C,A,0
chr9,31510452,C,T,0
chr9,31528415,G,T,1
chr9,31530619,C,T,0
chr9,31540905,G,A,0
chr9,31555351,A,G,0
chr9,31586878,C,T,1
chr9,31588990,G,A,0
chr9,31596728,C,T,0
chr9,31602142,T,C,0
chr9,31602286,C,T,0
chr9,31602658,A,G,0
chr9,31606803,T,C,1
chr9,31614033,T,C,0
chr9,31628320,T,C,0
chr9,31654562,T,C,0
chr9,31668749,A,C,1
chr9,31669520,G,A,0
chr9,31704696,C,T,0
chr9,31714814,C,T,1
chr9,31727447,C,T,0
chr9,31739999,G,A,0
chr9,31745111,C,T,0
chr9,31749502,G,A,0
chr9,31794573,T,C,0
chr9,31794732,C,T,0
chr9,31805933,A,G,0
chr9,31810528,A,G,0
chr9,31811402,G,A,1
chr9,31811671,A,G,1
chr9,31817323,T,C,1
chr9,31818111,A,C,0
chr9,31831928,A,G,0
chr9,31836557,T,C,1
chr9,31837042,C,T,1
chr9,31837252,A,G,0
chr9,31837972,C,T,0
chr9,31839039,T,C,0
chr9,31842498,C,T,0
chr9,31850084,G,T,0
chr9,31854379,G,A,0
chr9,31868714,A,G,0
chr9,31872626,T,G,1
chr9,31873293,C,T,1
chr9,31880969,C,T,1
chr9,31894438,C,T,0
chr9,31895375,A,G,0
chr9,31896558,A,G,0
chr9,31912521,C,T,0
chr9,31915038,C,T,0
chr9,31942603,G,T,0
chr9,31994148,T,C,0
chr9,32038586,A,G,0
chr9,32057833,C,A,0
chr9,32092253,T,C,0
chr9,32105256,G,A,0
chr9,32110585,G,A,1
chr9,32110779,A,G,0
chr9,32122890,A,C,1
chr9,32128799,G,T,0
chr9,32137680,A,G,0
chr9,32138787,G,A,0
chr9,32169504,C,T,1
chr9,32169649,C,A,1
chr9,32203382,T,C,1
chr9,32205706,T,C,0
chr9,32210819,T,C,0
chr9,32211404,G,A,0
chr9,32231423,G,A,0
chr9,32234069,T,C,1
chr9,32248102,T,G,0
chr9,32248860,C,T,0
chr9,32257417,T,C,0
chr9,32257765,C,T,0
chr9,32259856,G,A,0
chr9,32267869,G,A,0
chr9,32271989,T,C,0
chr9,32276754,G,T,0
chr9,32282466,T,C,0
chr9,32283646,T,C,1
chr9,32294452,A,G,0
chr9,32305906,A,C,0
chr9,32328021,T,C,1
chr9,32332857,T,C,1
chr9,32334222,T,C,0
chr9,32345383,A,G,0
chr9,32346015,T,G,0
chr9,32347431,T,G,0
chr9,32348026,A,G,1
chr9,32359093,A,G,0
chr9,32367420,G,A,0
chr9,32372282,G,A,0
chr9,32372805,C,T,0
chr9,32392613,A,G,0
chr9,32397306,T,C,1
chr9,32401980,G,A,0
chr9,32403292,C,T,0
chr9,32410872,A,G,1
chr9,32418239,G,T,1
chr9,32419463,C,T,0
chr9,32425678,T,G,0
chr9,32432649,T,C,0
chr9,32432976,G,A,1
chr9,32435678,A,G,0
chr9,32436109,T,G,0
chr9,32439129,G,A,0
chr9,32443669,C,T,0
chr9,32449246,T,C,1
chr9,32449809,A,G,0
chr9,32451146,A,G,1
chr9,32456019,G,A,1
chr9,32458055,A,G,0
chr9,32468877,G,A,0
chr9,32477503,G,A,0
chr9,32504161,G,A,0
chr9,32523739,T,C,0
chr9,32524300,G,A,1
chr9,32532471,A,C,1
chr9,32533831,T,C,0
chr9,32537143,T,G,1
chr9,32541958,T,C,0
chr9,32542280,T,C,0
chr9,32549014,C,A,0
chr9,32551711,A,G,0
chr9,32555051,C,A,1
chr9,32556382,A,G,0
chr9,32566585,G,A,0
chr9,32602850,A,G,1
chr9,32614525,T,G,1
chr9,32618057,T,C,1
chr9,32618315,C,T,0
chr9,32618741,T,C,0
chr9,32632534,G,A,0
chr9,32673679,G,A,0
chr9,32679232,A,G,0
chr9,32695754,A,G,0
chr9,32698402,G,T,1
chr9,32701166,C,T,0
chr9,32705606,G,T,0
chr9,32717015,T,C,0
chr9,32717958,A,G,1
chr9,32722174,C,T,1
chr9,32723641,T,C,1
chr9,32738383,C,T,0
chr9,32738472,G,A,1
chr9,32742428,G,A,0
chr9,32751790,G,A,0
chr9,32755030,C,T,0
chr9,32768629,T,G,0
chr9,32784840,T,C,0
chr9,32802998,T,C,1
chr9,32803094,C,A,0
chr9,32814947,C,A,1
chr9,32823745,G,A,0
chr9,32828006,G,A,0
chr9,32830672,G,T,0
chr9,32832915,C,T,0
chr9,32834924,G,T,1
chr9,32850508,G,A,0
chr9,32861400,T,C,0
chr9,32866255,T,C,0
chr9,32869271,T,C,0
chr9,32870070,G,T,0
chr9,32870791,G,T,1
chr9,32875374,C,T,0
chr9,32884985,C,T,1
chr9,32886641,G,A,0
chr9,32888827,G,A,0
chr9,32899809,G,A,1
chr9,32904330,C,T,1
chr9,32907610,A,G,0
chr9,32909545,T,C,0
chr9,32918734,T,C,0
chr9,32923484,T,G,0
chr9,32923968,T,G,0
chr9,32928217,G,A,1
chr9,32930422,T,C,0
chr9,32931623,G,A,0
chr9,32932006,G,A,0
chr9,32947841,G,A,1
chr9,32954682,G,A,0
chr9,32981934,C,A,0
chr9,33003164,G,A,1
chr9,33017141,T,C,0
chr9,33023835,T,C,0
chr9,33026343,C,T,0
chr9,33062130,G,A,0
chr9,33078033,G,A,1
chr9,33097998,G,A,0
chr9,33102411,C,T,0
chr9,33103175,G,T,1
chr9,33104542,C,T,0
chr9,33105702,G,A,0
chr9,33117967,C,T,0
chr9,33122598,C,T,0
chr9,33124874,T,C,0
chr9,33125361,C,T,0
chr9,33128023,A,G,0
chr9,33133193,G,A,0
chr9,33134619,C,T,0
chr9,33136538,G,A,0
chr9,33139455,C,T,0
chr9,33151417,C,T,0
chr9,33175771,G,A,1
chr9,33180568,T,C,0
chr9,33180749,G,A,0
chr9,33180815,T,C,0
chr9,33186158,T,C,0
chr9,33188106,A,G,0
chr9,33189236,C,T,1
chr9,33193755,C,A,0
chr9,33200819,A,G,1
chr9,33200958,A,C,1
chr9,33203604,A,G,0
chr9,33214130,A,G,1
chr9,33215664,G,T,1
chr9,33224657,A,G,0
chr9,33240227,G,A,0
chr9,33244298,T,C,0
chr9,33263210,T,C,0
chr9,33270750,G,T,1
chr9,33290534,A,G,1
chr9,33298111,G,A,0
chr9,33320361,A,G,0
chr9,33322601,G,T,0
chr9,33343399,G,T,1
chr9,33346199,C,T,0
chr9,33363945,C,T,0
chr9,33374084,G,A,0
chr9,33380189,G,A,0
chr9,33385243,C,A,0
chr9,33404810,T,C,0
chr9,33408021,G,A,0
chr9,33414863,A,G,0
chr9,33416230,G,A,0
chr9,33420010,A,G,0
chr9,33427093,T,C,0
chr9,33434155,T,C,1
chr9,33442954,G,A,1
chr9,33443108,G,A,1
chr9,33444863,C,T,0
chr9,33457655,C,T,0
chr9,33460143,A,C,1
chr9,33461301,G,A,0
chr9,33473132,C,T,0
chr9,33473895,T,G,1
chr9,33487200,T,C,1
chr9,33494803,A,G,0
chr9,33511673,A,G,0
chr9,33518283,C,T,1
chr9,33571569,A,G,0
chr9,33572349,T,C,1
chr9,33591860,T,C,0
chr9,33617312,C,T,1
